{"cameraMode":{"drawMode":0,"name":"Shaded","section":"Shading Mode"},"sceneLighting":true,"audioPlay":false,"sceneViewState":{"m_AlwaysRefresh":false,"showFog":true,"showSkybox":true,"showFlares":true,"showImageEffects":true,"showParticleSystems":true,"showVisualEffectGraphs":true,"m_FxEnabled":true},"in2DMode":false,"pivot":{"x":-0.18867826461791993,"y":1.8867530822753907,"z":-4.960000038146973},"rotation":{"x":-0.08755582571029663,"y":0.8999741673469544,"z":-0.21282175183296204,"w":-0.37025341391563418},"size":4.472318172454834,"orthographic":false}